<rss version="2.0" xmlns:atom="http://www.w3.org/2005/Atom" xmlns:dc="http://purl.org/dc/elements/1.1/" xmlns:content="http://purl.org/rss/1.0/modules/content/" xmlns:media="http://search.yahoo.com/mrss/">
    <channel>
    <title>CiMix - Смотрите Лучшие Аниме и Дорама Онлайн Бесплатно!</title>
    <link>https://www.cimix.site/</link>
    <language>ru</language>
    <description>Cimix — место, где начинается ваше путешествие в мир аниме! Мы создали этот сайт для всех, кто любит аниме: просто ищущих хороший аниме на вечер. Наша цель — сделать аниме доступным, удобным и интересным для каждого.</description>
    <generator>Cimix</generator>
    <atom:link href="https://cimix.site/rss.xml" rel="self" type="application/rss+xml" />
     <item>
     <title>Расколотая битвой синева небес 5</title>
    <guid>https://cimix.site/raskolotaya-bitvoy-sinevo-nebes-5.html</guid>
    <link>https://cimix.site/raskolotaya-bitvoy-sinevo-nebes-5.html</link>
    <category>
    <![CDATA[ Китайское аниме в жанре «Боевые искусства» / Китайское аниме в жанре «Экшен» / Китайское аниме в жанре «Приключения» / Китайское аниме в жанре «Фэнтези» / Китайское аниме 2022 года ]]>
    </category>
    <dc:creator>admin</dc:creator>
    <pubDate>Tue, 20 May 2025 00:14:51 +0300</pubDate>
    <description>
    <![CDATA[В мире, где нет волшебства, правит сильный, а слабому остаётся лишь повиноваться. Сяо Янь, чьим талантам не было равных уже несколько поколений, за три года растерял все своё могущество, репутацию и, главное, обманул надежды своей матери. Какое чёрное волшебство лишило его всего на свете? Пришло время в этом разобраться, вернуть себе утраченное и стать куда сильнее чем прежде, чтобы защитить свою семью. ]]>
    </description>
    <content:encoded>
    <![CDATA[В мире, где нет волшебства, правит сильный, а слабому остаётся лишь повиноваться. Сяо Янь, чьим талантам не было равных уже несколько поколений, за три года растерял все своё могущество, репутацию и, главное, обманул надежды своей матери. Какое чёрное волшебство лишило его всего на свете? Пришло время в этом разобраться, вернуть себе утраченное и стать куда сильнее чем прежде, чтобы защитить свою семью. ]]>
    </content:encoded>
    </item>
    <item>
    <title>Противостоящий небесам</title>
    <guid>https://cimix.site/protivostoyashiy-nebesam.html</guid>
    <link>https://cimix.site/protivostoyashiy-nebesam.html</link>
    <category>
    <![CDATA[ Китайское аниме в жанре «Приключения» / Китайское аниме в жанре «Фэнтези» / Китайское аниме 2021 года ]]>
    </category>
    <dc:creator>admin</dc:creator>
    <pubDate>Tue, 20 May 2025 00:14:16 +0300</pubDate>
    <description>
    <![CDATA[ Мир разделёна на два — внутренний и внешний, и они находятся в состоянии непримиримой войны. Внешним миром управляют демоны, а внутренний принадлежит людям и состоит из трёх реальностей: царства небожителей, царства бессмертных и царства смертных. ]]>
    </description>
    </item>
    <item>
    <title>Противостояние святого</title>
    <guid>https://cimix.site/protivvostoyanie-svyatova.html</guid>
    <link>https://cimix.site/protivvostoyanie-svyatova.html</link>
    <category>
    <![CDATA[ Китайское аниме в жанре «Боевые искусства» / Китайское аниме в жанре «Экшен» / Китайское аниме в жанре «Фэнтези» / Китайское аниме 2023 года ]]>
    </category>
    <dc:creator>admin</dc:creator>
    <pubDate>Tue, 20 May 2025 00:14:06 +0300</pubDate>
    <description>
    <![CDATA[ Противостояние святого следует за захватывающей историей Ван Линя, молодого человека, рожденного с искалеченной душой. Не смущаясь своих ограничений, Ван Линь встает на решительный путь, чтобы развить бессмертие и достичь невообразимой силы. ]]>
    </description>
    <content:encoded>
    <![CDATA[ Противостояние святого следует за захватывающей историей Ван Линя, молодого человека, рожденного с искалеченной душой. Не смущаясь своих ограничений, Ван Линь встает на решительный путь, чтобы развить бессмертие и достичь невообразимой силы.]]>
    </content:encoded>
    </item>
    <item>
    <title>Контратака изгнанного ученика</title>
    <guid>https://cimix.site/kontrataka-izgnanova-uchenika.html</guid>
    <link>https://cimix.site/kontrataka-izgnanova-uchenika.html</link>
    <category>
    <![CDATA[ Китайское аниме в жанре «Боевые искусства» ]]>
    </category>
    <dc:creator>admin</dc:creator>
    <pubDate>Tue, 20 May 2025 00:13:54 +0300</pubDate>
    <description>
    <![CDATA[ Эта история рассказывает историю о Е Чэне, который был тяжело ранен и изгнан из своей секты. В процессе своего путешествия он случайно столкнулся с небесным огнём и начал заниматься боевыми искусствами. Мир, в котором происходят события, населен богами, демонами и бессмертными, и находится в состоянии хаоса. Е Чэнь преодолевает все трудности и страдания, чтобы достичь вершины своего пути. ]]>
    </description>
    <content:encoded>
    <![CDATA[ Эта история рассказывает историю о Е Чэне, который был тяжело ранен и изгнан из своей секты. В процессе своего путешествия он случайно столкнулся с небесным огнём и начал заниматься боевыми искусствами. Мир, в котором происходят события, населен богами, демонами и бессмертными, и находится в состоянии хаоса. Е Чэнь преодолевает все трудности и страдания, чтобы достичь вершины своего пути. ]]>
    </content:encoded>
    </item>
    <item>
    <title>Практикуя ци сто тысяч лет</title>
    <guid>https://cimix.site/praktikuya-si-sto-tisoch-let.html</guid>
    <link>https://cimix.site/praktikuya-si-sto-tisoch-let.html</link>
    <category>
    <![CDATA[ Китайское аниме в жанре «Боевые искусства» / Китайское аниме в жанре «Экшен» / Китайское аниме в жанре «Приключения» / Китайское аниме в жанре «Фэнтези» / Китайское аниме 2023 года ]]>
    </category>
    <dc:creator>admin</dc:creator>
    <pubDate>Mon, 19 May 2025 23:06:43 +0300</pubDate>
    <description>
    <![CDATA[ Секта Тяньлань стала самой могущественной в Китае сто тысяч лет назад. Каждый ученик был известным и могущественным человеком, кроме Сюя Яна, который оставался на уровне концентрации энергии Ци. Чтобы достичь возвышения, он начал десятитысячелетнюю медитацию. После ее окончания он увидел, что в его секте осталось всего несколько учеников. Сможет ли он раскрыть тайны трех миров - людей, демонов и бессмертных - чтобы вернуть своей секте ее прежнее величие?]]>
    </description>
    <content:encoded>
    <![CDATA[ Секта Тяньлань стала самой могущественной в Китае сто тысяч лет назад. Каждый ученик был известным и могущественным человеком, кроме Сюя Яна, который оставался на уровне концентрации энергии Ци. Чтобы достичь возвышения, он начал десятитысячелетнюю медитацию. После ее окончания он увидел, что в его секте осталось всего несколько учеников. Сможет ли он раскрыть тайны трех миров - людей, демонов и бессмертных - чтобы вернуть своей секте ее прежнее величие?]]>
    </content:encoded>
    </item>
    <item>
    <title>Легенда из глубины веков</title>
    <guid>https://cimix.site/legenda-iz-glubini-vekov.html</guid>
    <link>https://cimix.site/legenda-iz-glubini-vekov.html</link>
    <category>
    <![CDATA[ Китайское аниме в жанре «Боевые искусства» / Китайское аниме в жанре «Экшен» / Китайское аниме в жанре «Приключения» / Китайское аниме в жанре «Романтика» / Китайское аниме в жанре «Фэнтези» / Китайское аниме 2022 года ]]>
    </category>
    <dc:creator>admin</dc:creator>
    <pubDate>Sun, 18 May 2025 22:39:59 +0300</pubDate>
    <description>
    <![CDATA[ Из эпохи истощенной ауры в конце Дхармы в мир процветающих боевых искусств, странных и мертвых видов духов и опасной ситуации, куда идет Ван Хао, который находится в бездне?]]>
    </description>
    <content:encoded>
    <![CDATA[ Из эпохи истощенной ауры в конце Дхармы в мир процветающих боевых искусств, странных и мертвых видов духов и опасной ситуации, куда идет Ван Хао, который находится в бездне?]]>
    </content:encoded>
    </item>
    <item>
    <title>Верховный Бог</title>
    <guid>https://cimix.site/verxovniy-bog.html</guid>
    <link>https://cimix.site/verxovniy-bog.html</link>
    <category>
    <![CDATA[ Китайское аниме в жанре «Боевые искусства» / Китайское аниме в жанре «Экшен» / Китайское аниме в жанре «Фэнтези» / Китайское аниме в жанре «Исторический» / Китайское аниме 2020 года ]]>
    </category>
    <dc:creator>admin</dc:creator>
    <pubDate>Sun, 18 May 2025 22:39:46 +0300</pubDate>
    <description>
    <![CDATA[ Десять тысяч лет назад фейский король Муюнь был тайно объяснен, держась за фигуру Жусянь, и после долгого сна он был разбужен в знаменитом «бесполезном Муюне» империи Южного Юна на материковом небе. Когда Муюн впервые проснулась, ее сознательно беспокоила Мяосянью ученика. Муюнь легко разрешила ловушку Мяоксианю и по аналогии выдавала все больше и больше техник алхимии, так что мастер алхимии за дверью не мог оценить Бесконечный. Вернувшись домой, Му Юнь узнал, что выйдет замуж за мисс Цинь Цинь Мэнъяо. Цинь Мэнъяо холодный и ядовитый, но он не может жить, пока ему не исполнится 20 лет. Брак только для пастухов и семьи Цинь. Однако, по убеждению Му Линьчэнь, Му Юнь согласился с этим семейным вопросом при условии алхимии. ]]>
    </description>
    </item>
    <item>
    <title>Владыка множества миров</title>
    <guid>https://cimix.site/vladika-mnojestva-mirov.html</guid>
    <link>https://cimix.site/vladika-mnojestva-mirov.html</link>
    <category>
    <![CDATA[ Китайское аниме в жанре «Боевые искусства» / Китайское аниме в жанре «Экшен» / Китайское аниме в жанре «Фэнтези» / Китайское аниме в жанре «Исторический» / Китайское аниме 2021 года ]]>
    </category>
    <dc:creator>admin</dc:creator>
    <pubDate>Sun, 18 May 2025 21:35:13 +0300</pubDate>
    <description>
    <![CDATA[ В этот день Линь Фэн собирал свой боевой дух в особняке Линь, но он не хотел, он просто культивировал свой боевой дух меча в прототип, когда его невеста Цзи Маньяо воспользовался возможностью забрать его боевой дух, это привело к тому, что его чуть не вырвало кровью и он чуть не умер. В то же время, дух Линь Фэна вошел в Страну Погребенных Богов, где таинственная женщина сказала Линь Фэну, что он может получить огромное количество боевой силы и знаний, уничтожив древних богов, похороненных здесь. В реальном мире, Линь Фэн, который изначально был молодым хозяином семьи Лин, потерял свой боевой дух и силу меча и, стал изгоем среди слугами семьи. ]]>
    </description>
    <content:encoded>
    <![CDATA[В этот день Линь Фэн собирал свой боевой дух в особняке Линь, но он не хотел, он просто культивировал свой боевой дух меча в прототип, когда его невеста Цзи Маньяо воспользовался возможностью забрать его боевой дух, это привело к тому, что его чуть не вырвало кровью и он чуть не умер. В то же время, дух Линь Фэна вошел в Страну Погребенных Богов, где таинственная женщина сказала Линь Фэну, что он может получить огромное количество боевой силы и знаний, уничтожив древних богов, похороненных здесь. В реальном мире, Линь Фэн, который изначально был молодым хозяином семьи Лин, потерял свой боевой дух и силу меча и, стал изгоем среди слугами семьи. ]]>
    </content:encoded>
    </item>
    <item>
    <title>Воинственный бог Асура</title>
    <guid>https://cimix.site/voistvoniy-bog-asura.html</guid>
    <link>https://cimix.site/voistvoniy-bog-asura.html</link>
    <category>
    <![CDATA[ Китайское аниме в жанре «Боевые искусства» / Китайское аниме в жанре «Экшен» / Китайское аниме в жанре «Приключения» / Китайское аниме в жанре «Романтика» / Китайское аниме в жанре «Фэнтези» / Китайское аниме в жанре «Демоны» / Китайское аниме 2023 года ]]>
    </category>
    <dc:creator>admin</dc:creator>
    <pubDate>Sun, 18 May 2025 15:04:45 +0300</pubDate>
    <description>
    <![CDATA[ ]]>
    </description>
    <content:encoded>
    <![CDATA[ В мире, где магия и технология переплелись в невероятное сочетание, центральным героем стал бог Асура, владыка магической силы, способной подчинить всему и всем. Его рука - источник непреодолимой мощи, способной сокрушить армии и переписать законы природы. ]]>
    </content:encoded>
    </item>
    <item>
    <title>Пришедший из древности</title>
    <guid>https://cimix.site/prishedshiy-iz%20derevnisti.html</guid>
    <link>https://cimix.site/prishedshiy-iz%20derevnisti.html</link>
    <category>
    <![CDATA[ Китайское аниме в жанре «Боевые искусства» / Китайское аниме в жанре «Экшен» / Китайское аниме в жанре «Приключения» / Китайское аниме в жанре «Фэнтези» / Китайское аниме в жанре «Сверхъестественное» / Китайское аниме 2023 года ]]>
    </category>
    <dc:creator>admin</dc:creator>
    <pubDate>Sun, 18 May 2025 00:32:58 +0300</pubDate>
    <description>
    <![CDATA[ "Талантливый алхимик Е Фэн был предательски убит, когда решительно пытался преодолеть преграды Неба и Земли ради усиления своей силы. Его мечта о совершенстве прервалась, но судьба решила дать ему второй шанс. Через 500 лет герой перерождается и, пронизанный жаждой мщения, начинает свой новый путь культивации.]]>
    </description>
    <content:encoded>
    <![CDATA[ "Талантливый алхимик Е Фэн был предательски убит, когда решительно пытался преодолеть преграды Неба и Земли ради усиления своей силы. Его мечта о совершенстве прервалась, но судьба решила дать ему второй шанс. Через 500 лет герой перерождается и, пронизанный жаждой мщения, начинает свой новый путь культивации.]]>
    </content:encoded>
    </item>
    </channel>
    </rss>